# 4.3 SQL 프로그래밍
- 스토어드 프로시저는 MySQL에서 프로그래밍 기능이 필요할 때 사용하는 데이터베이스 객체.
- SQL 프로그래밍은 기본적으로 스토어드 프로시저 안에 만들어야 함.
- 스토어드 프로시저 구조
```mysql
delimiter $$
create procedure 스토어드_프로시저_이름()
begin
    (sql 프로그래밍 코딩)
end $$
delimiter ;
call 스토어드_프로시저_이름();
```

## IF 문
- IF 문으로 다양한 조건 처리 가능.

### IF 문의 기본 형식
- if 문은 조건식이 참이라면 'SQL 문장들'을 실행하고, 그렇지 않으면 넘어감.
- if 문의 형식
```mysql
if <조건식> then
    SQL 문장들
end if;
```
- `sql 문장들`이 한 문장이라면 그 문장만 써도 되지만, 두 문장 이상이라면 BEGIN~END 로 묶어주어야 함. 
- 한 문장이더라도 나중에 추가될 것을 생각해 BEGIN~END 로 묶는 것을 권장.
```mysql
drop procedure if exists ifProc1;
delimiter $$
create procedure ifProc1()
begin
    if 100 = 100 then
        select '100은 100과 같습니다.';
    end if;
end $$
delimiter;
call ifProc1();
```
```text
mysql> call ifProc1();
+-----------------------------+
| 100은 100과 같습니다.       |
+-----------------------------+
| 100은 100과 같습니다.       |
+-----------------------------+
1 row in set (0.00 sec)
```

### IF ~ ELSE 문
- if ~ else 문은 조건에 따라 다른 부분을 수행함. 조건식이 참이라면 if 문 아래 문장, 아니라면 else 아래 문장을 실행
```mysql
drop procedure if exists ifProc2;
delimiter $$
create procedure ifProc2()
begin
    declare myNum int;
    set myNum = 200;
    if myNum = 100 then
        select '100입니다.';
    else
        select '100이 아닙니다.';
    end if;
end $$
delimiter ;
call ifProc2();
```
```text
mysql> call ifProc2();
+----------------------+
| 100이 아닙니다.      |
+----------------------+
| 100이 아닙니다.      |
+----------------------+
1 row in set (0.01 sec)
```

### if 문의 활용
- 기존 테이블과 함께 사용해보자.
```
mysql> delimiter $$
mysql> create procedure ifProc3()
    -> begin
    -> declare debutDate DATE;
    -> declare curDate DATE;
    -> declare days INT;
    -> select debut_date into debutDate from market_db.member where mem_id = 'APN';
    -> set curDATE = CURRENT_DATE();
    -> set days = DATEDIFF(curDATE, debutDate);
    -> if (days/365) >= 5 THEN
    -> select concat('데뷔한 지', days, '일이나 지났습니다. 핑순이들 축하합니다.');
    -> else select '데뷔한 지' + days + '일밖에 안되었네요. 핑순이들 화이팅';
    -> end if;
    -> end $$
Query OK, 0 rows affected (0.00 sec)

mysql> delimiter;
```
```mysql
call ifProc3();
```
```text
+-------------------------------------------------------------------------------------------+
| concat('데뷔한 지', days, '일이나 지났습니다. 핑순이들 축하합니다.')                      |
+-------------------------------------------------------------------------------------------+
| 데뷔한 지4544일이나 지났습니다. 핑순이들 축하합니다.                                      |
+-------------------------------------------------------------------------------------------+
1 row in set (0.01 sec)
```

## CASE 문
- 여러 가지 조건 중에서 선택해야 하는 경우도 존재. CASE 문을 사용해서 조건을 설정할 수 있음.

### CASE 문 기본 형식
```text
CASE
    WHEN 조건 1 THEN
        SQL 문장들1
    WHEN 조건 2 THEN
        SQL 문장들2
    WHEN 조건 3 THEN
        SQL 문장들3
    ELSE
        SQL 문장들4
END CASE;
```
- CASE 와 END CASE 사이에는 여러 조건을 넣을 수 있음. WHEN 다음에 조건이 나오는데, 조건이 여러 개라면 WHEN을 여러 번 반복.
- 그리고 모든 조건에 해당하지 않으면 ELSE 부분 수행.
```text
mysql> drop procedure if exists caseProc;
Query OK, 0 rows affected, 1 warning (0.00 sec)

mysql> delimiter $$
mysql> create procedure caseProc()
    -> begin
    -> declare point int;
    -> declare credit char(1);
    -> set point = 88;
    -> case
    -> when point >= 90 then set credit = 'A';
    -> when point >= 80 then set credit = 'B';
    -> when point >= 70 then set credit = 'C';
    -> when point >= 60 then set credit = 'D';
    -> else set credit = 'F';
    -> end case;
    -> select concat('취득접수==>', point), concat('학점==>', credit);
    -> end $$
Query OK, 0 rows affected (0.00 sec)

mysql> delimiter;
```
```text
mysql> call caseProc();
+----------------------------------+-----------------------------+
| concat('취득접수==>', point)     | concat('학점==>', credit)   |
+----------------------------------+-----------------------------+
| 취득접수==>88                    | 학점==>B                    |
+----------------------------------+-----------------------------+
1 row in set (0.01 sec)

Query OK, 0 rows affected (0.01 sec)
```

### CASE 문의 활용
- CASE 문을 활용해보자. 마켓 총 구매액을 계산해서 회원의 등급을 나누어 보자.
- 먼저 회원별로 총 구매액을 구해보자. GROUP BY 로 다음과 같이 만들 수 있다.
```mysql
select mem_id, sum(price * amount) "총구매액"
    from buy
    group by mem_id;
```
```text
+--------+--------------+
| mem_id | 총구매액     |
+--------+--------------+
| APN    |          295 |
| BLK    |         1210 |
| GRL    |           75 |
| MMU    |         1950 |
+--------+--------------+
4 rows in set (0.00 sec)
```
- 구매 테이블에서 회원의 아이디 (mem_id) 별로 가격과 수량을 곱해서 총 구매액의 합계를 구했다.
- 추가로 order by로 총 구매액이 많은 순서로 정렬.
```mysql
select mem_id, sum(price * amount) "총구매액" 
    from buy 
    group by mem_id 
    order by sum(price * amount) desc;
```
```text
+--------+--------------+
| mem_id | 총구매액     |
+--------+--------------+
| MMU    |         1950 |
| BLK    |         1210 |
| APN    |          295 |
| GRL    |           75 |
+--------+--------------+
4 rows in set (0.00 sec)
```
- 회원 이름도 출력해 보자. 회원 테이블에 있으므로 구매 테이블과 조인.
```mysql
select B.mem_id, M.mem_name, sum(price * amount) "총 구매액" 
from buy B 
    inner join member M
    on B.mem_id = M.mem_id
group by B.mem_id order by sum(price * amount) desc;
```
```text
+--------+--------------+---------------+
| mem_id | mem_name     | 총 구매액     |
+--------+--------------+---------------+
| MMU    | 마마무       |          1950 |
| BLK    | 블랙핑크     |          1210 |
| APN    | 에이핑크     |           295 |
| GRL    | 소녀시대     |            75 |
+--------+--------------+---------------+
4 rows in set (0.00 sec)
```
- 다음으로 구매하지 않은 회원의 아이디와 이름도 출력해보자. 내부 조인 대신에 외부 조인을 시키면 됨, 그리고 구매 테이블에는 구매한 적이 없어도 회원 테이블에
있는 회원은 모두 출력해야 하므로 inner join을 right outer join으로 변경.
- 주의할점은 구매 테이블에는 4명만 구매했으므로, 나머지 6명에 대한 아이디 등의 정보가 없음. 그래서 select 에서 회원 테이블의 아이디인 M.mem_id 를 
조회하고 GROUP BY도 M.mem_id로 변경
```mysql
select M.mem_id, M.mem_name,
        sum(price * amount) "총구매액"
from buy B
    right outer join member M
    on B.mem_id = M.mem_id
group by M.mem_id
order by sum(price * amount) desc;
```
```text
+--------+--------------+--------------+
| mem_id | mem_name     | 총구매액     |
+--------+--------------+--------------+
| MMU    | 마마무       |         1950 |
| BLK    | 블랙핑크     |         1210 |
| APN    | 에이핑크     |          295 |
| GRL    | 소녀시대     |           75 |
| ITZ    | 잇지         |         NULL |
| OMY    | 오마이걸     |         NULL |
| RED    | 레드벨벳     |         NULL |
| SPC    | 우주소녀     |         NULL |
| TWC    | 트와이스     |         NULL |
| WMN    | 여자친구     |         NULL |
+--------+--------------+--------------+
10 rows in set (0.00 sec)
```
- 이제는 계획한 대로 총 구매액에 따라 회원등급을 구분해보자. CASE 문을 사용하면 다음과 같음.
```mysql
case
    when (총구매액 >= 1500) THEN '최우수고객'
    when (총구매액 >= 1000) THEN '우수고객'
    when (총구매액 >= 1) THEN '일반고객'
    else '유령고객'
end
```
- 이 CASE 문을 새로운 열로 추가. 다음과 같이 콤마로 구분해서 열의 마지막에 추가한다. 열 이름에 별칭도 지정.
```mysql
select M.mem_id, M.mem_name, sum(price * amount) '총구매액',
    case
        when (sum(price * amount) >= 1500) then '최우수고객'
        when (sum(price * amount) >= 1000) then '우수고객'
        when (sum(price * amount) >= 1) then '일반고객'
        else '유령고객'
    end '회원등급'
from buy B
    right outer join member M
    on B.mem_id = M.mem_id
group by M.mem_id
order by sum(price * amount) desc;
```
```text

+--------+--------------+--------------+-----------------+
| mem_id | mem_name     | 총구매액     | 회원등급        |
+--------+--------------+--------------+-----------------+
| MMU    | 마마무       |         1950 | 최우수고객      |
| BLK    | 블랙핑크     |         1210 | 우수고객        |
| APN    | 에이핑크     |          295 | 일반고객        |
| GRL    | 소녀시대     |           75 | 일반고객        |
| ITZ    | 잇지         |         NULL | 유령고객        |
| OMY    | 오마이걸     |         NULL | 유령고객        |
| RED    | 레드벨벳     |         NULL | 유령고객        |
| SPC    | 우주소녀     |         NULL | 유령고객        |
| TWC    | 트와이스     |         NULL | 유령고객        |
| WMN    | 여자친구     |         NULL | 유령고객        |
+--------+--------------+--------------+-----------------+
10 rows in set (0.00 sec)
```
- 새로운 '회원등급' 열이 추가되고 총 구매액에 따라서 회원이 분류됨.

## WHILE 문
### WHILE 문의 기본 형식
```text
WHILE <조건식> DO
    SQL 문장들
END WHILE;
```
- 1 에서 100까지 더하는 간단한 기능을 구현해보자.
```mysql
delimiter $$
create procedure whileProc()
begin 
    declare i int;
    declare hap int;
    set i = 1;
    set hap = 0;
    
    while (i <= 100) do
        set hap = hap + i;
        set i = i + 1;
    end while;
    select '1부터 100까지 합 ==>', hap;
end $$
delimiter ;
```
```text
+---------------------------+------+
| 1부터 100까지 합 ==>         | hap  |
+---------------------------+------+
| 1부터 100까지 합 ==>         | 5050 |
+---------------------------+------+
1 row in set (0.00 sec)
```

## 동적 SQL
- SQL문은 내용이 고정되어 있는 경우가 대부분. 하지만 동적 SQL을 사용해 변경되는 내용을 실시간으로 적용시켜 사용 가능.

### PREPARE 와 EXECUTE
- prepare 는 SQL 문을 실행하지는 않고 미리 준비만 해놓고, execute는 준비한 sql 문을 실행함. 
- 실행 후에는 deallocate prepare 로 문장을 해제해주는 것이 바람직.
```text
mysql> prepare myQuery from 'select * from member where mem_id = "BLK"';
Query OK, 0 rows affected (0.01 sec)
Statement prepared

mysql> execute myQuery;
+--------+--------------+------------+--------+--------+----------+--------+------------+
| mem_id | mem_name     | mem_number | addr   | phone1 | phone2   | height | debut_date |
+--------+--------------+------------+--------+--------+----------+--------+------------+
| BLK    | 블랙핑크     |          4 | 경남   | 055    | 22222222 |    163 | 2016-08-08 |
+--------+--------------+------------+--------+--------+----------+--------+------------+
1 row in set (0.00 sec)

mysql> deallocate prepare myQuery;
Query OK, 0 rows affected (0.00 sec)
```

### 동적 SQL의 활용
- prepare 문에서는 ?로 향후 입력 값을 비워놓고, execute에서 using으로 ?에 값을 전달 가능. 그러면 실시간으로 필요한 값들을 전달해서 동적으로 SQL문이
실행됨.
```mysql
create table gate_table(id int auto_increment primary key, entry_time datetime);
set @curDate = current_timestamp();
prepare myQuery from 'insert into gate_table values(null, ?)';
execute myQuery using @curDate;
deallocate prepare myQuery;
select * from gate_table;
```
```text
+----+---------------------+
| id | entry_time          |
+----+---------------------+
|  1 | 2023-07-21 17:54:15 |
+----+---------------------+
```

## 용어 정리
- IF 문은 조건식이며 참일 때 수행하는 IF, 참과 거짓일 때 각각 다른 부분이 수행되는 IF ~ ELSE 가 있음.
- 변수는 DECLARE로 선언하고, SET으로 값을 대입함.
- CASE 문은 2가지 이상일 때 처리가능. 그래서 CASE를 '다중 분기'로도 부름.
- WHILE 문은 조건식이 참인 동안에는 계속 반복. WHILE 문을 계속 실행하는 ITERATE와 WHILE 문을 빠져나가는 LEAVE로 사용 가능.
- PREPARE는 SQL문을 실행하지 않고 미리 준비해놓고, EXECUTE는 준비한 SQL 문을 실행함. 이러한 방식을 동적 SQL이라 부름.

