# 03. 데이터 변경을 위한 SQL문
- 데이터베이스와 테이블을 만든 후에는 데이터를 변경하는 입력(INSERT), 수정(UPDATE), 삭제(DELET하는 기능이 필요

## 데이터 입력 : INSERT
- 테이블에 행 데이터를 입력하는 기본적인 SQL문이 insert

### INSERT 문의 기본 문법
- insert는 테이블에 데이터를 삽입하는 명령. 기본적인 형식은 다음과 같음.
```text
insert into 테이블 [(열1, 열2, ...)] values (값1, 값2, ...)
```
- insert 문 주의점은 우선 테이블 이름 다음에 나오는 열은 생략 가능. 열 이름 생략시 values 다음에 나오는 값들의 순서 및 개수는 테이블 정의시 열 순서 및 개수와 동일해야 함.
```text
mysql> create table hongong1 (toy_id int, toy_name char(4), age int);
Query OK, 0 rows affected (0.01 sec)

mysql> insert into hongong1 values(1, '우디', 25);
Query OK, 1 row affected (0.01 sec)
```
- 이 예제에서 아이디와 이름만 입력하고 나이는 입력하고 싶지 않다면 다음과 같이 테이블 이름 뒤 입력할 열의 이름을 써주면 됨. 이 경우 나이는 null 저장.
```text
mysql> insert into hongong1 (toy_id, toy_name) values (2, '버즈');
Query OK, 1 row affected (0.01 sec)

mysql> select * from hongong1 where toy_id = 2;
+--------+----------+------+
| toy_id | toy_name | age  |
+--------+----------+------+
|      2 | 버즈     | NULL |
+--------+----------+------+
1 row in set (0.00 sec)
```
- 열의 순서를 바꿔서 입력하고 싶을 때에도 열 이름을 지정하면 됨.
```text
mysql> insert into hongong1 (toy_name, age, toy_id) values ('제시', 20, 3);
Query OK, 1 row affected (0.01 sec)

mysql> select * from hongong1 where toy_id = 3;
+--------+----------+------+
| toy_id | toy_name | age  |
+--------+----------+------+
|      3 | 제시     |   20 |
+--------+----------+------+
1 row in set (0.00 sec)
```

### 자동으로 증가하는 AUTO_INCREMENT
- AUTO_INCREMENT는 열을 정의할 때 1부터 증가하는 값을 입력해줌. insert에서 해당 열이 없다고 생각하고 입력하면 됨.
- 주의점은 auto_increment로 지정하는 열은 꼭 primary key로 지정해주어야 함.
```sql
create table hongong2 (
     toy_id int auto_increment primary key,
     toy_name char(4),
     age int);
```
```sql
insert into hongong2 values 
     (null, '보핍', 25), 
     (null, '슬링키', 22), 
     (null, '렉스', 21);
select * from hongong2;
```
```text
+--------+-----------+------+
| toy_id | toy_name  | age  |
+--------+-----------+------+
|      1 | 보핍      |   25 |
|      2 | 슬링키    |   22 |
|      3 | 렉스      |   21 |
+--------+-----------+------+
3 rows in set (0.00 sec)
```
- 결과를 보면 toy_id에 1부터 차례대로 채워진 것을 확인 가능.
- 계속 입력하다 보면 현재 어느 숫자까지 증가되었는지 확인 필요. 
```text
mysql> select last_insert_id();
+------------------+
| last_insert_id() |
+------------------+
|                3 |
+------------------+
1 row in set (0.00 sec)
```
- 만약 AUTO_INCREMENT로 입력되는 다음 값을 100부터 시작하도록 변경하고 싶다면 아래와 같다.
```text
mysql> alter table hongong2 auto_increment = 100;
Query OK, 0 rows affected (0.00 sec)
Records: 0  Duplicates: 0  Warnings: 0

mysql> insert into hongong2 values (null, '재남', 35);
Query OK, 1 row affected (0.00 sec)

mysql> select * from hongong2;
+--------+-----------+------+
| toy_id | toy_name  | age  |
+--------+-----------+------+
|      1 | 보핍      |   25 |
|      2 | 슬링키    |   22 |
|      3 | 렉스      |   21 |
|    100 | 재남      |   35 |
+--------+-----------+------+
4 rows in set (0.00 sec)
```
- 다음으로는 처음부터 입력되는 값을 1000으로 지정, 3씩 증가하도록 설정해보자.
```text
mysql> create table hongong3 (
    -> toy_id int auto_increment primary key,
    -> toy_name char(4),
    -> age int);
Query OK, 0 rows affected (0.02 sec)

mysql> alter table hongong3 auto_increment = 1000;
Query OK, 0 rows affected (0.01 sec)
Records: 0  Duplicates: 0  Warnings: 0

mysql> set @@auto_increment_increment = 3;
Query OK, 0 rows affected (0.00 sec)
```
```text
mysql> insert into hongong3 values
    -> (null, '토마스', 20),
    -> (null, '제임스', 23),
    -> (null, '고든', 25);
Query OK, 3 rows affected (0.01 sec)
Records: 3  Duplicates: 0  Warnings: 0

mysql> select * from hongong3;
+--------+-----------+------+
| toy_id | toy_name  | age  |
+--------+-----------+------+
|   1000 | 토마스    |   20 |
|   1003 | 제임스    |   23 |
|   1006 | 고든      |   25 |
+--------+-----------+------+
3 rows in set (0.00 sec)
```
- 이와 같이 auto_increment로 자동 증가하도록 설정된 열의 시작값이나, 증가값을 변경 가능.

### 다른 테이블의 데이터를 한 번에 입력하는 insert into ~ select
```sql
insert into 테이블_이름 (열_이름1, 열_이름2 ...)
    select 문 ;
```
- 주의점은 select 문의 열 개수는 insert 할 테이블의 열 개수와 같아야 함.
- 먼저 world 데이터베이스 내에 city 테이블을 살펴보자.
```text
mysql> desc world.city;
+-------------+----------+------+-----+---------+----------------+
| Field       | Type     | Null | Key | Default | Extra          |
+-------------+----------+------+-----+---------+----------------+
| ID          | int      | NO   | PRI | NULL    | auto_increment |
| Name        | char(35) | NO   |     |         |                |
| CountryCode | char(3)  | NO   | MUL |         |                |
| District    | char(20) | NO   |     |         |                |
| Population  | int      | NO   |     | 0       |                |
+-------------+----------+------+-----+---------+----------------+
5 rows in set (0.01 sec)
```
```text
mysql> select * from world.city limit 5;
+----+----------------+-------------+---------------+------------+
| ID | Name           | CountryCode | District      | Population |
+----+----------------+-------------+---------------+------------+
|  1 | Kabul          | AFG         | Kabol         |    1780000 |
|  2 | Qandahar       | AFG         | Qandahar      |     237500 |
|  3 | Herat          | AFG         | Herat         |     186800 |
|  4 | Mazar-e-Sharif | AFG         | Balkh         |     127800 |
|  5 | Amsterdam      | NLD         | Noord-Holland |     731200 |
+----+----------------+-------------+---------------+------------+
5 rows in set (0.00 sec)
```
- 이 중에서 도시 이름, 인구를 가져와 다른 테이블에 입력해 보자.
```text
mysql> create table city_popul (city_name char(35), population int);
Query OK, 0 rows affected (0.02 sec)

mysql> insert into city_popul select name, population from world.city;
Query OK, 4079 rows affected (0.05 sec)
Records: 4079  Duplicates: 0  Warnings: 0
```
- 결과 메시지에 4079행이 처리된 것을 볼 수 있다.

## 데이터 수정 : UPDATE
- 회원의 주소가 변경되는 경우처럼 행 데이터를 수정해야 할 때에는 UPDATE를 사용.

### UPDATE 문의 기본 문법
- 기존 입력 값을 수정하는 명령. 형식은 아래와 같음.
```text
UPDATE 테이블_이름
    SET 열1=값1, 열2=값2 ...
    WHERE 조건 ;
```
- `seoul`인 도시의 도시이름을 서울로 바꿔보자
```text
mysql> select * from city_popul where city_name = 'seoul';
+-----------+------------+
| city_name | population |
+-----------+------------+
| Seoul     |    9981619 |
+-----------+------------+
1 row in set (0.01 sec)

mysql> update city_popul set city_name = '서울' where city_name = 'seoul';
Query OK, 1 row affected (0.02 sec)
Rows matched: 1  Changed: 1  Warnings: 0

mysql> select * from city_popul where city_name = 'seoul';
Empty set (0.01 sec)

mysql> select * from city_popul where city_name = '서울';
+-----------+------------+
| city_name | population |
+-----------+------------+
| 서울      |    9981619 |
+-----------+------------+
1 row in set (0.01 sec)
```
- 필요하면 한꺼번에 여러 열의 값을 변경 가능. 콤마로 분리해서 여러 개의 열을 변경하면 됨.
```text
mysql> select * from city_popul where city_name = 'new york';
+-----------+------------+
| city_name | population |
+-----------+------------+
| New York  |    8008278 |
+-----------+------------+
1 row in set (0.00 sec)

mysql> update city_popul set city_name = '뉴욕', population = 0 where city_name = 'new york';
Query OK, 1 row affected (0.02 sec)
Rows matched: 1  Changed: 1  Warnings: 0

mysql> select * from city_popul where city_name = 'new york';
Empty set (0.01 sec)

mysql> select * from city_popul where city_name = '뉴욕';
+-----------+------------+
| city_name | population |
+-----------+------------+
| 뉴욕      |          0 |
+-----------+------------+
1 row in set (0.00 sec)
```

## WHERE가 없는 UPDATE 문
- UPDATE 문에서 where 절은 문법상 생략이 가능하지만, 생략시 테이블의 모든 행의 값이 변경됨. 일반적으로 전체 행의 값을 변경하는 경우는 별로 없으므로 주의해야 함.
- 그렇다면 전체 테이블의 내용은 어떤 경우에 변경할까? 예를 들어 인구가 1명 단위로 저장된 데이터를 10,000명 단위로 변경하면 더 읽기 쉬울 것.
```text
mysql> update city_popul set population = population / 10000;
Query OK, 4078 rows affected (0.05 sec)
Rows matched: 4079  Changed: 4078  Warnings: 0

mysql> select * from city_popul limit 5;
+----------------+------------+
| city_name      | population |
+----------------+------------+
| Kabul          |        178 |
| Qandahar       |         24 |
| Herat          |         19 |
| Mazar-e-Sharif |         13 |
| Amsterdam      |         73 |
+----------------+------------+
5 rows in set (0.00 sec)
```

## 데이터 삭제 : DELETE
- 테이블의 행 데이터를 삭제하는 경우도 발생함. delete를 사용해 행 데이터 삭제 가능.
```sql
delete from 테이블이름 where 조건;
```
- city_popul 테이블에서 new로 시작하는 도시를 삭제해 보자.
```sql
mysql> delete from city_popul where city_name like 'new%';
Query OK, 11 rows affected (0.01 sec)
```
- limit 도 사용 가능.
```sql
mysql> delete from city_popul where city_name like 'new%' limit 5;
Query OK, 0 rows affected (0.00 sec)
```

## 대용량 테이블의 삭제
- 만약 몇 억건의 데이터가 있는 대용량의 테이블이 더 이상 필요 없다면 어떻게 삭제하는 것이 좋을까
- 먼저 몇십만건의 데이터를 가진 테이블 3개를 생성해보자.

```text
mysql> create table big_table1 (select * from world.city, sakila.country);
Query OK, 444611 rows affected (1.91 sec)
Records: 444611  Duplicates: 0  Warnings: 0

mysql> create table big_table2 (select * from world.city, sakila.country);
Query OK, 444611 rows affected (1.92 sec)
Records: 444611  Duplicates: 0  Warnings: 0

mysql> create table big_table3 (select * from world.city, sakila.country);
Query OK, 444611 rows affected (1.54 sec)
Records: 444611  Duplicates: 0  Warnings: 0

mysql> select count(*) from big_table1;
+----------+
| count(*) |
+----------+
|   444611 |
+----------+
1 row in set (0.08 sec)
```
- 위 3 데이터베이스를 delete, drop, truncate 각각 다른 방법으로 삭제해 보자.
```text
mysql> delete from big_table1;
Query OK, 444611 rows affected (1.19 sec)

mysql> drop table big_table2;
Query OK, 0 rows affected (0.03 sec)

mysql> truncate table big_table3;
Query OK, 0 rows affected (0.05 sec)
```
- delete 문은 삭제가 오래 걸림. drop 문은 테이블 자체를 삭제. truncate문도 delete와 동일한 효과를 내지만 속도가 무척 빠름.
- drop 은 테이블이 아예 없어지지만, delete와 truncate는 빈 테이블을 남김.
- 결론적으로 대용량 테이블의 전체 내용을 삭제할 때 테이블 자체가 필요 없을 경우 drop, 테이블 구조는 남겨 놓고 싶다면 truncate로 삭제하는 것이 효율적.

## 정리
- insert 문은 테이블에 데이터를 입력하는 명령.
- auto_increment는 1부터 증가하는 값을 자동으로 입력해줌. 해당 열은 primary key로 지정해야 함.
- insert into ~ select 는 다른 테이블의 데이터를 가져와서 한 번에 대량으로 입력함.
- update는 기존에 입력되어 있는 값을 수정하며 주로 where과 함께 사용함.
- delete는 행 단위로 삭제하며 where 가 없으면 전체 행이 삭제됨.

## 용어 정리
- null : 아무 것도 없는 값, auto_increment 열에 값을 입력할 때는 null로 지정함.
- primary key (PK) : 기본 키. auto_increment 열은 기본 키로 지정해야 함.
- alter table : 테이블의 구조를 변형하는 sql.
- 시스템 변수 : MySQL 에서 자체적으로 가지고 있는 설정값이 저장된 변수.
- @@auto_increment_increment : auto_increment 의 증가값을 지정하는 시스템 변수
- describe (DESC) : 테이블의 구조를 확인하는 SQL
- truncate : delete 와 비슷한 기능이지만 전체 행을 삭제할 때 사용
