# 5.3 가상의 테이블: 뷰
- 뷰(view)는 데이터베이스 개체로 한 번 생성해 놓으면 테이블이라고 생각하고 사용해도 될 정도로 사용자 입장에서 테이블과 거의 동일한 개체로 취급.
- 뷰는 테이블처럼 데이터를 가지고 있지는 않고, 뷰의 실체는 select 문으로 만들어져 접근하는 순간 select가 실행됨.
- 뷰는 단순 뷰와 복합 뷰로 나뉘는데, 단순 뷰는 하나의 테이블과 연관된 뷰를 말하고, 복합 뷰는 2개 이상의 테이블과 연관된 뷰를 말함.

## 뷰의 개념
### 뷰의 기본 생성
```mysql
select mem_id, mem_name, addr from member;
```
```text
+--------+--------------+--------+
| mem_id | mem_name     | addr   |
+--------+--------------+--------+
| APN    | 에이핑크     | 경기   |
| BLK    | 블랙핑크     | 경남   |
| GRL    | 소녀시대     | 서울   |
| ITZ    | 잇지        | 경남   |
| MMU    | 마마무       | 전남   |
| OMY    | 오마이걸     | 서울   |
| RED    | 레드벨벳     | 경북   |
| SPC    | 우주소녀     | 서울   |
| TWC    | 트와이스     | 서울   |
| WMN    | 여자친구     | 경기   |
+--------+--------------+--------+
10 rows in set (0.00 sec)
```
- select 문으로 실행해서 나온 결과를 3개의 열을 가진 테이블로 봐도 되지 않을까?
- 뷰는 바로 이러한 개념. 그래서 뷰의 실체가 select문이 되는 것. 이 예제의 결과가 v_member라고 부르면 v_member를 테이블이라고 생각하고 접근하면 됨.
- 뷰를 만드는 형식은 다음과 같음. 상당히 단순.
```mysql
create view 뷰_이름
as
    select 문;
```
- 뷰를 만든 후에 뷰에 접근하는 방식은 테이블과 동일하게 select 문을 사용함. 전체에 접근할 수도 있고, 필요하면 조건식도 테이블과 동일하게 사용 가능.
```mysql
select 열_이름 from 뷰_이름
    [where 조건];
```
- 아이디, 이름, 주소에 접근하는 뷰를 생성해보자.
```mysql
create view v_member
as
    select mem_id, mem_name, addr from member;
select * from v_member;
```
```text
+--------+--------------+--------+
| mem_id | mem_name     | addr   |
+--------+--------------+--------+
| APN    | 에이핑크     | 경기   |
| BLK    | 블랙핑크     | 경남   |
| GRL    | 소녀시대     | 서울   |
| ITZ    | 잇지         | 경남   |
| MMU    | 마마무       | 전남   |
| OMY    | 오마이걸     | 서울   |
| RED    | 레드벨벳     | 경북   |
| SPC    | 우주소녀     | 서울   |
| TWC    | 트와이스     | 서울   |
| WMN    | 여자친구     | 경기   |
+--------+--------------+--------+
10 rows in set (0.00 sec)
```
- 필요한 열만 보거나 조건식을 넣을 수 있음.
```mysql
select mem_name, addr from v_member
    where addr in ('서울', '경기');
```
```text
+--------------+--------+
| mem_name     | addr   |
+--------------+--------+
| 에이핑크     | 경기   |
| 소녀시대     | 서울   |
| 오마이걸     | 서울   |
| 우주소녀     | 서울   |
| 트와이스     | 서울   |
| 여자친구     | 경기   |
+--------------+--------+
6 rows in set (0.01 sec)
```
- 뷰는 테이블에 접근한 것과 동일한 결과를 얻을 수 있음.

### 뷰의 작동
- 사용자는 뷰를 테이블이라고 생각하고 접근. 그러면 MySQL이 뷰 안에 있는 select 를 실행해서 그 결과를 사용자에게 보내주므로 사용자 입장에서는 뷰에서 모두 처리된 것으로 이해함.
- 뷰는 기본적으로 '읽기 전용'으로 사용되지만, 뷰를 통해서 원본 테이블의 데이터를 수정 가능. 하지만 무조건 가능한 것은 아니고 몇 가지 조건을 만족해야 함.

### 뷰를 사용하는 이유
- 뷰를 사용해서 얻을 수 있는 장점은 여러 가지.

#### 보안(security)에 도움이 됨.
- 앞의 v_member 뷰는 아이디, 이름, 주소만 있을 뿐 사용자의 중요한 개인정보는 들어 있지 않음.
- 예를 들어, 알바생이 회원 테이블에 접근할 수 있도록 한다면 사용자의 중요한 개인정보를 노출하는 것과 같아 뷰를 생성해 알바생에게 회원 테이블에 접근하지 못하도록 권한을 제한하고,
뷰에만 접근할 수 있도록 권한을 준다면 이러한 문제를 해결할 수 있음.
```text
데이터베이스 보안
보안은 상당히 중요한 주체. 우리는 지금까지 모든 권한을 가진 사용자인 root 사용자로 접속했음. 은행을 예로 모든 직원에게 root 권한을 부여한다면 고객의 계좌에
대한 권한을 직원 모두가 마음대로 사용할 수 있게될 것으로 큰 사고가 일어날 수 있음.
이런 사고 방지를 위해 직원의 등급에 따라 권한을 차등 부여.
```
- 이런 방식으로 데이터베이스도 사용자마다 테이블에 접근하는 권한에 차별을 둬서 처리하고 있으며, 사용자별 권한이 데이터베이스 보안의 중요한 주제 중 하나.

#### 복잡한 SQL을 단순하게 만들 수 있습니다.
- 먼저 묽던을 구매한 회원들에 대한 SQL입니다.
```mysql
select B.mem_id, M.mem_name, B.prod_name, M.addr,
        concat(M.phone1, M.phone2) '연락처'
from buy B
    inner join member M
    on B.mem_id = M.mem_id;
```
- 내용이 길고 복잡한데, 만약 이 쿼리를 자주 사용해야 한다면, 사용자들은 매번 복잡한 쿼리를 입력해야 할 것임. 그런데 이 SQL을 다음과 같이 뷰로 생성해 놓고 사용자들은 해당 뷰에만 접근하도록 하면 복잡한 SQL을 입력할 필요가 없어짐.
```mysql
create view v_memberbuy
as
    select B.mem_id, M.mem_name, B.prod_name, M.addr,
           concat(M.phone1, M.phone2) '연락처'
    from buy B
             inner join member M
                        on B.mem_id = M.mem_id;
```
- v_memberbuy를 테이블이라 생각하고 접근하면 됨. 필요하면 where 절도 사용 가능.
```mysql
select * from v_memberbuy where mem_name = '블랙핑크';
```
```text
+--------+--------------+--------------+--------+-------------+
| mem_id | mem_name     | prod_name    | addr   | 연락처      |
+--------+--------------+--------------+--------+-------------+
| BLK    | 블랙핑크     | 지갑         | 경남   | 05522222222 |
| BLK    | 블랙핑크     | 맥북프로     | 경남   | 05522222222 |
| BLK    | 블랙핑크     | 청바지       | 경남   | 05522222222 |
+--------+--------------+--------------+--------+-------------+
3 rows in set (0.00 sec)
```

## 뷰의 실제 작동
### 뷰의 실제 생성, 수정, 삭제
- 기본적인 뷰를 생성하면서 뷰에서 사용될 열 이름을 테이블과 다르게 지정할 수도 있음. 별칭 사용, 띄어쓰기 사용 가능.
- 별칭은 열 이름 뒤에 큰/작은 따옴표, 형식상 as를 붙여줌.
- 뷰를 조회할 때 열 이름에 공백이 있으면 백틱(`)으로 묶어주어야 함.
```mysql
create view v_viewtest1
as
    select B.mem_id 'Member ID', M.mem_name as 'Member Name',
           B.prod_name "Product Name", concat(M.phone1, M.phone2) as "Office Phone"
    from buy B
        inner join member M
        on B.mem_id = M.mem_id;

select distinct `Member ID`, `Member Name` from v_viewtest1;
```
```text
+-----------+--------------+
| Member ID | Member Name  |
+-----------+--------------+
| APN       | 에이핑크     |
| BLK       | 블랙핑크     |
| GRL       | 소녀시대     |
| MMU       | 마마무       |
+-----------+--------------+
4 rows in set (0.00 sec)
```
- 뷰의 수정은 alter view 구문을 사용하며, 열 이름에 한글 사용 가능.
```mysql
alter view v_viewtest1
as
    select B.mem_id '회원 아이디', M.mem_name as '회원 이름',
           B.prod_name "제품 이름", concat(M.phone1, M.phone2) as "연락처"
    from buy B
        inner join member M
        on B.mem_id = M.mem_id;

select distinct `회원 아이디`, `회원 이름` from v_viewtest1;
```
```text
+------------------+---------------+
| 회원 아이디      | 회원 이름     |
+------------------+---------------+
| APN              | 에이핑크      |
| BLK              | 블랙핑크      |
| GRL              | 소녀시대      |
| MMU              | 마마무        |
+------------------+---------------+
4 rows in set (0.00 sec)
```
- 뷰의 삭제는 drop view 사용.
```mysql
drop view v_viewtest1;
```

### 데이터베이스 개체의 생성/수정/삭제
- 데이터베이스 개체는 서로 완전히 다른 기능을 하지만 생성/수정/삭제는 거의 동일
- 생성 : 모든 데이터베이스 개체를 생성할 때는 CREATE 개체_종류.
- 수정 : 이미 생성된 데이터베이스 개체를 수정할 때는 ALTER 개체_종류.
- 삭제 : 기존의 데이터베이스 개체를 삭제할 때는 DROP 개체_종류를 사용함.

### 뷰의 정보 확인
- 기존의 생성된 뷰에 대한 정보를 확인 가능. 
```mysql
create or replace view v_viewtest2
as
    select mem_id, mem_name, addr from member;
```
- 테이블처럼 describe문으로 뷰 정보 확인 가능. but, primary key 등의 정보는 확인되지 않음.
```mysql
describe v_viewtest2;
```
```text
+----------+-------------+------+-----+---------+-------+
| Field    | Type        | Null | Key | Default | Extra |
+----------+-------------+------+-----+---------+-------+
| mem_id   | char(8)     | NO   |     | NULL    |       |
| mem_name | varchar(10) | NO   |     | NULL    |       |
| addr     | char(2)     | NO   |     | NULL    |       |
+----------+-------------+------+-----+---------+-------+
3 rows in set (0.00 sec)
```
```mysql
desc member;
```
```text
+------------+-------------+------+-----+---------+-------+
| Field      | Type        | Null | Key | Default | Extra |
+------------+-------------+------+-----+---------+-------+
| mem_id     | char(8)     | NO   | PRI | NULL    |       |
| mem_name   | varchar(10) | NO   |     | NULL    |       |
| mem_number | int         | NO   |     | NULL    |       |
| addr       | char(2)     | NO   |     | NULL    |       |
| phone1     | char(3)     | YES  |     | NULL    |       |
| phone2     | char(8)     | YES  |     | NULL    |       |
| height     | smallint    | YES  |     | NULL    |       |
| debut_date | date        | YES  |     | NULL    |       |
+------------+-------------+------+-----+---------+-------+
8 rows in set (0.00 sec)
```
- show create view 문으로 뷰의 소스 코드도 확인 가능.
```mysql
show create view v_viewtest2;
```
```text
+-------------+-----------------------------------------------------------------------------------------------------------------------------------------------------------------------------------------------------------------+----------------------+----------------------+
| View        | Create View                                                                                                                                                                                                     | character_set_client | collation_connection |
+-------------+-----------------------------------------------------------------------------------------------------------------------------------------------------------------------------------------------------------------+----------------------+----------------------+
| v_viewtest2 | CREATE ALGORITHM=UNDEFINED DEFINER=`root`@`localhost` SQL SECURITY DEFINER VIEW `v_viewtest2` AS select `member`.`mem_id` AS `mem_id`,`member`.`mem_name` AS `mem_name`,`member`.`addr` AS `addr` from `member` | utf8mb4              | utf8mb4_0900_ai_ci   |
+-------------+-----------------------------------------------------------------------------------------------------------------------------------------------------------------------------------------------------------------+----------------------+----------------------+
1 row in set (0.00 sec)
```

### 뷰를 통한 데이터의 수정/삭제
- 뷰를 통해 테이블의 데이터도 수정 가능. v_member 뷰를 통해 데이터를 수정해 보자.
```mysql
update v_member set addr = '부산' where mem_id = 'BLK';
```
- 오류 없이 수정됨.
- 다음으로 데이터 입력.
```mysql
insert into v_member(mem_id, mem_name, addr) values('BTS', '방탄소년단', '경기');
```
```text
ERROR 1423 (HY000): Field of view 'market_db.v_member' underlying table doesn't have a default value
```
- v_member(뷰)가 참조하는 member(테이블)의 열 중에서 member_number 열은 not null로 설정되어서 반드시 입력해주어야 함. 하지만 현재의 v_member 에서는 mem_number 열을 참조하고 있지 않으므로 값을 입력할 방법이 없음.
- 만약 v_member 뷰를 통해서 member 테이블에 값을 입력하고 싶다면 v_member 에 mem_number 열을 포함하도록 뷰를 재정의하거나, 아니면 member 에서 mem_number 열의 속성을 NULL로 바꾸거나, 기본값(Default)를 지정해야 함.
- 이번에는 지정한 범위로 뷰를 생성해보자. 평균 키가 167 이상인 뷰 생성.
```mysql
create view v_heigt167
as
    select * from member where height >= 167;

select * from v_heigt167;
```
```text
+--------+--------------+------------+--------+--------+----------+--------+------------+
| mem_id | mem_name     | mem_number | addr   | phone1 | phone2   | height | debut_date |
+--------+--------------+------------+--------+--------+----------+--------+------------+
| GRL    | 소녀시대       |          8 | 서울    | 02     | 44444444  |    168 | 2007-08-02 |
| ITZ    | 잇지          |          5 | 경남    | NULL   | NULL      |    167 | 2019-02-12 |
| TWC    | 트와이스       |          9 | 서울    | 02     | 11111111  |    167 | 2015-10-19 |
+--------+--------------+------------+--------+--------+----------+--------+------------+
3 rows in set (0.00 sec)
```
- v_height167 뷰에서 167 미만인 데이터를 삭제해보면 삭제할 데이터가 없음.
```mysql
delete from v_heigt167 where height < 167;
```

### 뷰를 통한 데이터의 입력
```mysql
insert into v_heigt167 values('TRA', '티아라', 6, '서울', NULL, NULL, 159, '2005-01-01');
```
- 입력은 됨. 하지만 v_heigt167은 167 이상만 보이도록 만든 뷰인데, 167 미만인 데이터가 입력됨. 뷰의 데이터를 확인해보면 역시 보이지 않음.
```mysql
select * from v_heigt167;
```
```text
+--------+--------------+------------+--------+--------+----------+--------+------------+
| mem_id | mem_name     | mem_number | addr   | phone1 | phone2   | height | debut_date |
+--------+--------------+------------+--------+--------+----------+--------+------------+
| GRL    | 소녀시대     |          8 | 서울   | 02     | 44444444 |    168 | 2007-08-02 |
| ITZ    | 잇지         |          5 | 경남   | NULL   | NULL     |    167 | 2019-02-12 |
| TWC    | 트와이스     |          9 | 서울   | 02     | 11111111 |    167 | 2015-10-19 |
+--------+--------------+------------+--------+--------+----------+--------+------------+
3 rows in set (0.00 sec)
```
- 예를 보면 키가 167 이상인 뷰에 키가 159인 데이터를 입력하는 것은 별로 바람직하지 않음. 즉, 예상치 못한 경로를 통해서 입력되면 안 되는 데이터가 입력된 듯한 느낌.
- 이럴 때 예약어 WITH CHECK OPTION 을 통해 뷰에 설정된 값의 범위가 벗어나는 값은 입력되지 않도록 할 수 있음.
```mysql
alter view v_heigt167
as
    select * from member where height >= 167
            with check option ;

insert into v_heigt167 values('TOB', '텔레토비', 4, '영국', null, null, 140, '1995-01-01');
```
```text
ERROR 1369 (HY000): CHECK OPTION failed 'market_db.v_heigt167'
```

### 단순 뷰와 복합 뷰
- 하나의 테이블로 만든 뷰를 단순 뷰라 하고, 두 개 이상의 테이블로 만든 뷰를 복합 뷰라고 합니다. 복합 뷰는 주로 두 테이블을 조인한 결과를 뷰로 만들 때 사용.
```mysql
create view v_complex
as
    select B.mem_id, M.mem_name, B.prod_name, M.addr
        from buy B
            inner join member M
            on B.mem_id = M.mem_id;
```
- 복합 뷰는 읽기 전용. 복합 뷰를 통해 데이터 입력/수정/삭제 불가.

### 뷰가 참조하는 테이블의 삭제
```mysql
drop table if exists buy, member;
```
- 현재 여러 개의 뷰가 두 테이블과 관련이 있는데도 테이블이 삭제됨. 두 테이블 중 아무거나 연관되는 뷰를 다시 조회해보자.
```mysql
select * from v_heigt167;
```
```mysql
ERROR 1356 (HY000): View 'market_db.v_heigt167' references invalid table(s) or column(s) or function(s) or definer/invoker of view lack rights to use them
```
- 당연히 참조하는 테이블이 없기 때문에 조회할 수 없다는 메시지가 나옴. 바람직하지는 않지만, 관련 뷰가 있더라도 테이블은 쉽게 삭제됨.
- 뷰가 조회되지 않으면 check table 문으로 뷰의 상태를 확인해 볼 수 있음. 뷰가 참조하는 테이블이 없어서 오류가 발생하는 것을 볼 수 있음.
```mysql
check table v_heigt167;
```
```text
+----------------------+-------+----------+----------------------------------------------------------------------------------------------------------------------------------------+
| market_db.v_heigt167 | check | Error    | View 'market_db.v_heigt167' references invalid table(s) or column(s) or function(s) or definer/invoker of view lack rights to use them |
| market_db.v_heigt167 | check | error    | Corrupt                                                                                                                                |
+----------------------+-------+----------+----------------------------------------------------------------------------------------------------------------------------------------+
```

## 핵심 정리
- 모든 데이터베이스 개체는 테이블과 관련이 있지만, 특히 뷰는 테이블에 직접 접근하므로 밀접하게 연관됨.
- 뷰를 한마디로 표현하면 '가상의 테이블'이라고 할 수 있음. 뷰의 실체는 select 문으로 구성되어 있음.
- 하나의 테이블과 관련되면 단순 뷰, 2개 이상의 테이블과 관련되면 복합 뷰라고 부름. 복합 뷰로는 테이블의 데이터를 수정할 수 없음.
- 뷰는 특정 사용자가 테이블에 접근하지 못하도록 하고, 필요한 부분에만 접근하도록 함으로써 보안에 도움이 됨.

## 용어 정리
- create view : 뷰를 생성하는 SQL
- 별칭 : 뷰에서 사용될 열의 이름을 별칭을 사용해서 테이블과 다르게 지정할 수도 있음
- 백틱 : 뷰를 조회할 때 열 이름에 공백이 있으면 붙여주는 기호
- ALTER VIEW : 뷰를 수정하는 SQL
- DROP VIEW : 뷰를 삭제하는 SQL
- CREATE OR REPLACE VIEW : 기존에 뷰가 있으면 덮어쓰고, 없으면 새로 생성하는 SQL
- DESCRIBE : 뷰 또는 테이블의 정보를 조회하는 SQL
- SHOW CREATE VIEW : 뷰의 소스 코드를 보여주는 SQL
- WITH CHECK OPTION : 뷰에 설정된 조건만 입력되도록 지정하는 SQL
- CHECK TABLE : 뷰 또는 테이블의 상태를 확인하는 SQL

