# 15. CASE 문으로 데이터 변환하기
- CASE 문을 이용해 데이터를 변환할 수 있다.
```text
CASE WHEN 조건식1 THEN 식1
    [WHEN 조건식2 THEN 식2 ...]
    [ELSE 식3]
END
```
- RDBMS에 준비된 함수를 사용해 데이터를 특정 형태로 변환하는 경우도 있지만, 임의의 조건에 따라 독자적으로 변환 처리를 지정해 데이터를 변환하고 싶은 경우도 있을
것이다. 이떄 CASE 문을 이용할 수 ㅇ씨다.

## 1. CASE 문
- 지금까지 살펴본 다양한 연산자와 함수를 서로 적절히 조합해 사용하면 대부분의 계산을 처리할 수 있다. 하지만 RDBMS에 갖추어져 있는 기존의 연산자나 함수만으로는
처리할 수 없는 것도 있을 것이다. 예를 들면 NULL 값을 0으로 간주하여 계산하고 싶은 경우가 그렇다. 하지만 NULL 값으로 연산한 결과는 모두 NULL이 된다.
- RDBMS에서는 사용자가 함수를 작성할 수 있었다. 위의 경우도 사용자 처리 함수로 해결할 수 있을 것이다. 하지만 간단한 처리의 경우에는 사용자 정의 함수를 
작성하지 않고도 CASE 문으로 처리할 수 있다.
- CASE 문은 다음과 같다.
```sql
CASE WHEN 조건식1 THEN 식1
    [WHEN 조건식2 THEN 식2...]
    [ELSE 식3]
END
```
- 먼저 WHEN 절에는 참과 거짓을 반환하는 조건식을 기술한다. 해당 조건을 만족하여 참이 되는 경우는 THEN 절에 기술한 식이 처리된다. 이떄 WHEN과 THEN을 한데
조합해 지정가능. WHEN 절의 조건식을 차례로 평가해 나가다가 가장 먼저 조건을 만족한 WHEN 절과 대응하는 THEN 절 식의 처리결과를 CASE 문의 결괏값으로
반환한다. 그 어떤 조건식도 만족하지 못한 경우에는 ELSE 절에 기술한 식이 채택된다. ELSE 는 생략 가능하며 생략했을 경우 'ELSE NULL'로 간주.
- NULL 값을 0으로 변환하는 CASE 식 구현사례를 살펴보자.
```text
mysql> select a from sample37;
+------+
| a    |
+------+
|    1 |
|    2 |
| NULL |
+------+
3 rows in set (0.01 sec)

mysql> select a, case when a is null then 0 else a end "a(null=0)" from sample37;
+------+-----------+
| a    | a(null=0) |
+------+-----------+
|    1 |         1 |
|    2 |         2 |
| NULL |         0 |
+------+-----------+
3 rows in set (0.00 sec)
```
- a 열 값이 NULL일 때 when a is null 은 참이 되므롤 case 문은 then 절의 '0'을 반환.
- null이 아닌 경우에는 else 절의 'a', 즉, a 열의 값을 반환.

### COALESCE
- 사실 NULL 값을 변환하는 경우라면 COALESCE 함수를 사용하는 편이 더 쉽다. 앞의 SELECT 명령 예제를 COALESCE 함수를 사용해 구현하면 다음과 같다.
```text
mysql> select a, coalesce(a, 0) from sample37;
+------+----------------+
| a    | coalesce(a, 0) |
+------+----------------+
|    1 |              1 |
|    2 |              2 |
| NULL |              0 |
+------+----------------+
3 rows in set (0.00 sec)
```
- coalesce 함수는 여러 개의 인수를 지정 가능. 주어진 인수 가운데 NULL이 아닌 값에 대해서는 가장 먼저 지정된 인수의 값을 반환.
- 앞의 예문은 a가 null이 아니면 a값을 그대로 출력하고, 그렇지 않으면 (a가 null이면) 0을 출력한다.

## 2. 또 하나의 CASE 문
- 숫자로 이루어진 코드를 알아보기 더 쉽게 문자열로 변환하고 싶은 경우 CASE 문을 많이 사용한다.
- 예로, '1은 남자/2는 여자'라는 코드 체계가 있다면 이를 모르는 사람에게는 '1/2'보다 '남자/여자'라고 표시하는 편이 알아보기 쉬울 것이다.
- 덧붙이면 이와 같이 문자화하는 것을 '디코드'라 부르고 반대로 수치화하는 것을 '인코드'라 부른다. (앞서 문자세트 설명에서 언급했던 '인코드 방식'과 동일한 의미)
    - 1 -> 남 (디코드), 여 -> 2 (인코드)
- 이와 같은 코드를 CASE 문으로도 처리 가능
> CASE 문에는 2개의 구문이 있다.
- CASE 문은 '검색 CASE'와 '단순 CASE'의 두 개의 구문으로 나눌 수 있다. 검색 CASE는 앞서 보았던 'CASE WHEN 조건식 THEN 식 ...' 구문이다.
한편 단순 CASE는 'CASE 식 WHEN 식 THEN 식 ...' 구문이다. 단순 CASE 에서는 CASE 뒤에 식을 기술하고 WHEN 뒤에 (조건식이 아닌) 식을 기술한다.
- 단순 CASE 식
```text
CASE 식1
    WHEN 식2 THEN 식3
    [WHEN 식4 THEN 식5 ...]
    [ELSE 식6]
END
```
- 식1의 값이 WHEN의 식2의 값과 동일한지 비교하고, 값이 같다면 식3의 값이 CASE 문 전체의 결괏값이 된다. 값이 같지 않으면 그 뒤에 기술한 WHEN 절과 비교하는
식으로 진행된다. 즉, 식1의 값과 식4의 값이 같은지를 비교하고 같다면 식5의 값이 CSE 문의 결괏값이 되는 것. 비교 결과 일치하는 WHEN 절이 하나도 없는 경우에는
ELSE 절이 적용된다.
- 다음으로 성별 문자열 디코딩 예를 보자. 먼저 검색 CASE의 경우는 다음과 같다.
```text
mysql> select a as "코드",
    -> case
    ->  when a = 1 then '남자'
    ->  when a = 2 then '여자'
    ->  else '미지정'
    -> end as "성별" from sample37;
+--------+-----------+
| 코드   | 성별      |
+--------+-----------+
|      1 | 남자      |
|      2 | 여자      |
|   NULL | 미지정    |
+--------+-----------+
3 rows in set (0.00 sec)
```
- 다음으로 단순 CASE 에 대해 보자. 검색 CASE의 경우에는 WHEN에 a = 1, a = 2처럼 식을 상세하게 기술해야 하지만, 단순 CASE 에서는 CASE 문에서 비교할
항목인 'a'를 따로 지정하므로 WHEN 에는 1, 2 처럼 비교할 값만 기술하면 된다.
```text
mysql> select a as "코드",
    -> case a
    ->  when 1 then '남자'
    ->  when 2 then '여자'
    ->  else '미지정'
    -> end as "성별" from sample37;
+--------+-----------+
| 코드   | 성별      |
+--------+-----------+
|      1 | 남자      |
|      2 | 여자      |
|   NULL | 미지정    |
+--------+-----------+
3 rows in set (0.00 sec)
```

## CASE 를 사용할 경우 주의사항
- 지금까지 SELECT구에서 CASE문을 사용했다. 그러나 CASE문은 어디에나 사용 가능. WHERE 구에서 조건식의 일부, ORDER BY 구나 SELECT 구에서도 사용 가능.
### ELSE 생략
- ELSE를 생략하면 ELSE NULL이 되는 것에 주의. 상정한 것 이외의 데이터가 들어오는 경우도 많다. 대응하는 WHEN이 하나도 없으면 ELSE 절이 사용된다.
- 이떄 ELSE를 생략하면 상정한 것 이외의 데이터가 왔을 때 NULL이 반환된다. 따라서 ELSE를 생략하지 않고 지정하는 편이 낫다.
> CASE 문의 ELSE 는 생략하지 않는 편이 낫다.

### WHEN 에 NULL 지정하기
- 단순 CASE 에서는 WHEN 뒤에 1개의 상수값을 지정하는 경우가 많을 것이다. 앞에서 살펴본 예제처럼 WHEN 1 THEN '남자' WHEN 2 THEN '여자'와 같이 쓸
수 있다. 여기에 데이터가 NULL인 경우를 고려해 WHEN NULL THEN '데이터 없음'과 같이 지정해도 문접적으로는 문제가 없지만 정상적으로 처리되지 않는다.
- 이유는 다음과 같다. 단순 CASE 문에서는 CASE 에서 지정된 식과 WHEN 에서 지정된 식을 비교해가며 확인한다.
```text
CASE a
 WHEN 1 THEN '남자'
 WHEN 2 THEN '여자'
 WHEN NULL THEN '데이터 없음'
 ELSE '미지정'
END
```
- 이 예제에서는 다음과 같은 순서로 조건식을 처리한다.
1. a = 1
2. a = 2
3. a = NULL
- 비교 연산자 = 로는 NULL 값과 같은지 아닌지를 비교할 수 없다. 따라서 a 열의 값이 NULL이라 해도 a = NULL 은 참이 되지 않는다. 즉 '데이터 없음' 대신
'미지정'이라는 결괏값이 나온다. 단순 CASE 문으로는 NULL을 비교할 수 없다는 문제점이 있다.
- 이떄 NULL 값인지 아닌지를 판정하기 위해서는 IS NULL을 사용한다. 다만 단순 CASE 문은 특성상 = 연산자로 비교하는 만큼, NULL 값인지를 판정하려면 검색
CASE 문을 사용해야 한다.
```text
CASE 
 WHEN a = 1 THEN '남자'
 WHEN a = 2 THEN '여자'
 WHEN a IS NULL THEN '데이터 없음'
 ELSE '미지정'
END
```
> 단순 CASE 문으로는 NULL 값을 비교할 수 없다!
### DECODE NVL
- Oracle 에는 이 같은 디코드를 수행하는 DECODE 함수가 내장되어 있다. DECODE 함수는 CASE 문과 같은 용도로 사용 가능. 다만 DECODE 함수는 Oracle
에서만 지원하는 함수로 다른 DB에서는 사용 불가. 그에 비해 CASE 문은 표준 SQL로 규정된 덕분에 많은 DB들이 지원한다.
- 또한 NULL 값을 변환하는 함수도 있는데 Oracle 에서는 NVL 함수, SQL Server 에서는 ISNULL 함수가 이에 해당. 다만 이 함수들은 특정 DB에 국한된
함수인 만큼 NULL 변환은 표준 SQL로 규정되어 있는 COALESCE 함수를 사용.
