# 23. 서브쿼리
- 서브쿼리는 SELECT 명령에 의한 데이터 질의로, 상부가 아닌 하부의 부수적인 질의를 의미.
```java
(SELECT 명령)
```
- 서브쿼리는 SQL 명령문 안에 지정하는 하부 SELECT 명령으로 괄호로 묶어 지정. 위에서 간단히 (SELECT 명령)이라 되어 있지만 SELECT 구, FROM 구,
WHERE 구 등 SELECT 명령의 각 구를 기술할 수 있다.
- 특히 서브쿼리는 SQL 명령의 WHERE 구에서 주로 사용된다. WHERE 구는 SELECT, DELETE, UPDATE 구에서 사용할 수 있는데, 이들 중 어떤 명령에서든
서브쿼리 사용 가능. 상황에 따라 다른 구에서도 사용 가능.

## 1. DELETE 의 WHERE 구에서 서브쿼리 사용하기
- 먼저 DELETE 명령의 WHERE 구에서 서브쿼리 사용 예를 살펴보자.
```text
mysql> select * from sample54;
+------+------+
| no   | a    |
+------+------+
|    1 |  100 |
|    2 |  900 |
|    3 |   20 |
|    4 |   80 |
+------+------+
4 rows in set (0.00 sec)
```
- sample54 테이블에서 a열의 값이 가장 작은 행을 삭제하려 한다. 이 테이블에는 네 개의 행밖에 없으므로 a가 20인 행이 가장 작다는 것을 한눈에 알 수 있다.
- 따라서 간단하게 `DELETE FROM sample54 WHERE a = 20;` 이라는 명령으로 a 열의 값이 가장 작은 행을 삭제할 수 있다.
- 하지만 a 열의 값이 가장 작은 행이 어느 것인지 전혀 파악할 수 없는 경우에는 어떻게 해야 할까? 먼저 SELECT 명령으로 검색하고자 할 것이다.
- sample54 에서 a의 최솟값 검색하기
```text
mysql> select min(a) from sample54;
+--------+
| min(a) |
+--------+
|     20 |
+--------+
1 row in set (0.00 sec)
```
- a의 열의 최솟값이 20인 것을 알았다. 이 SELECT 명령을 DELETE 명령의 WHERE 구에서 사용하면 하나의 DELETE 명령으로 원하는 행을 삭제할 수 있다.
DELETE 명령과 SELECT 명령을 결합시켜 버리는 것이다.
```text
mysql> select * from sample54;
+------+------+
| no   | a    |
+------+------+
|    1 |  100 |
|    2 |  900 |
|    3 |   20 |
|    4 |   80 |
+------+------+
4 rows in set (0.00 sec)

mysql> delete from sample54 where a = (select a
from (select min(a) as a from sample54) as x);
Query OK, 1 row affected (0.01 sec)

mysql> select * from sample54;
+------+------+
| no   | a    |
+------+------+
|    1 |  100 |
|    2 |  900 |
|    4 |   80 |
+------+------+
3 rows in set (0.01 sec)
```
- 서브쿼리를 사용하면 이렇게 DELETE와 SELECT를 결합시킬 수 있다. 괄호로 둘러싼 서브쿼리 부분을 먼저 실행한 후 DELETE 명령을 실행한다고 생각하면
이해하기 쉽다. 
- 한편 SQL에는 순차형 언어에서처럼 변수가 존재하지 않는다. 만약 변수를 사용할 수 있다고 한다면, 다음과 같이 정리해 표현 가능.
```text
변수 = (SELECT MIN(a) FROM sample54);
DELETE FROM sample54 WHERE a = 변수;
```
- 사실 이렇게 변수를 사용하는 것은 가능하다. 구현방법에는 여러 가지가 있다.
### 클라이언트 변수
- mysql 클라이언트에 한해 다음과 같이 구현 가능
```text
mysql> select * from sample54;
+------+------+
| no   | a    |
+------+------+
|    1 |  100 |
|    2 |  900 |
|    4 |   80 |
|    3 |   60 |
+------+------+
4 rows in set (0.00 sec)

mysql> set @a = (select min(a) from sample54);
Query OK, 0 rows affected (0.00 sec)

mysql> delete from sample54 where a = @a;
Query OK, 1 row affected (0.00 sec)

mysql> select * from sample54;
+------+------+
| no   | a    |
+------+------+
|    1 |  100 |
|    2 |  900 |
|    4 |   80 |
+------+------+
3 rows in set (0.00 sec)
```

## 2. 스칼라 값
- 서브쿼리를 사용할 때는 그 SELECT 명령이 어떤 값을 반환하는지 주의할 필요가 있다. 여러 가지 패턴 중에서도 다음과 같은 네 가지가 일반적인 서브쿼리 패턴이다.
- 서브쿼리의 패턴
#### 패턴 1 : 하나의 값을 반환하는 패턴
```text
mysql> select min(a) from sample54;
+--------+
| min(a) |
+--------+
|     80 |
+--------+
1 row in set (0.00 sec)
```
#### 패턴 2 : 복수의 행이 반환되지만 열은 하나인 패턴
```text
mysql> select no from sample54;
+------+
| no   |
+------+
|    1 |
|    2 |
|    4 |
+------+
3 rows in set (0.01 sec)
```
#### 패턴 3 : 하나의 행이 반환되지만 열이 복수인 패턴
```text
mysql> select min(a), max(no) from sample54;
+--------+---------+
| min(a) | max(no) |
+--------+---------+
|     80 |       4 |
+--------+---------+
1 row in set (0.00 sec)
```
#### 패턴 4 : 복수의 행, 복수의 열이 반환되는 패턴
```text
mysql> select no, a from sample54;
+------+------+
| no   | a    |
+------+------+
|    1 |  100 |
|    2 |  900 |
|    4 |   80 |
+------+------+
3 rows in set (0.00 sec)
```
- 이때 패턴1 만 다른 패턴과 다르다. 이는 다른 패턴과 달리 하나의 값을 반환하기 때문.
- '단일 값'으로 통용되지만 데이터베이스 업계에서는 '스칼라 값'이라 불리는 경우가 많다.
> SELECT 명령이 하나의 값만 반환하는 것을 '스칼라 값을 반환한다'라고 한다.


- 스칼라 값을 반환하는 SELECT 명령을 특별 취급하는 이유는 서브쿼리로서 사용하기 쉽기 때문. 이처럼 스칼라 값을 반환하도록 SELECT 명령을 작성하고자 한다면
SELECT 구에서 단일 열을 지정한다. 복수 열을 반환하도록 하면 패턴 3이나 4가 되어버리기 때문이다.
- SELECT 구에서 하나의 열을 지정하고, GROUP BY를 지정하지 않은 채 집계 함수를 사용하면 결과는 단일한 값이 된다. 만약 GROUP BY로 그룹화를 하면
몇 가지의 그룹으로 나뉘어져 버릴 가능성이 있기 때문에 결과적으로 단일한 값이 반환되지 않을 수 있다. 또한, WHERE 조건으로 하나의 행만 검색할 수 있다면
단일 값이 되므로 스칼라 값을 반환하는 SELECT 명령이 된다.
- 서브쿼리로서 사용하기 간편한 경우를 보면, 통상적으로 특정한 두 가지가 서로 동일한지 여부를 비교할 때는 서로 단일한 값으로 비교. 즉, WHERE 구에서 스칼라
값을 반환하는 서브쿼리는 = 연산자로 비교할 수 있다는 뜻.
- 앞에서 보았던 DELETE 문을 다시 보자.
```text
mysql> set @a = (select min(a) from sample54);
mysql> delete from sample54 where a = @a;
```
- 여기에서 서브쿼리 부분은 스칼라 값을 반환하는 SELECT 명령으로 되어 있으므로 = 연산자를 사용해 열 a의 값과 비교할 수 있다. 반대로 스칼라 값을 반환하지 
않도록 만들기란 간단하다. 서브쿼리 부분을 변경하면 스칼라 값을 반환하지 않도록 할 수 있다. SELECT 구에서 다른 열을 지정하거나 GROUP BY를 지정하면
바로 에러가 발생한다.
> = 연산자를 사용하여 비교할 경우에는 스칼라 값끼리 비교할 필요가 있다!

- 스칼라 값을 반환하는 서브쿼리를 특별히 '스칼라 서브쿼리'라 부르기도 한다. 앞서 HAVING 구를 설명할 떄 '집계함수는 WHERE 구에서는 사용할 수 없다'라고
했다. 하지만 '스칼라 서브쿼리'라면 WHERE 구에 사용할 수 있으므로 집계함수를 사용해 집계한 결과를 조건식으로 사용할 수 있다.
- 그와 비슷한 문제로 'GROUP BY'에서 지정한 열 이외의 열을 SELECT 구에 지정하면 에러가 된다'라는 것도 있었다. 하나의 그룹에 다른 값이 여러 개 존재할
경우는 스칼라 값이라고 할 수 없다.

## 3. SELECT 구에서 서브쿼리 사용하기
- 앞에서는 WHERE 구에 서브쿼리를 사용했다. 그 밖에도 SELECT 구, UPDATE의 SET 구 등 다양한 구 안에서 지정 가능.
- 문법적으로 서브쿼리는 '하나의 항목'으로 취급. 단, 문법적으로는 문제없지만 실행하면 에러가 발생하는 경우가 자주 있다. 이는 스칼라 값의 변환여부에 따라
생기는 현상으로, 서브쿼리를 사용할 때는 스칼라 서브쿼리로 되어있는지 확인해야 한다.
- SELECT 구에서 서브쿼리를 지정할 때는 스칼라 서브쿼리가 필요하다. 
- SELECT 구에서 스칼라 서브쿼리 사용하기
```text
mysql> select
    -> (select count(*) from sample51) as sq1,
    -> (select count(*) from sample54) as sq2;
+------+------+
| sq1  | sq2  |
+------+------+
|    5 |    3 |
+------+------+
1 row in set (0.00 sec)
```
- sample51 테이블의 행 개수와 sampl54 테이블의 행 개수를 각 서브쿼리로 구한다. 여기서 한 가지 주의점은 서브쿼리가 아닌 상부의 SELECT 명령에는 FROM
구가 없다는 것. MySQL 등에서는 실제로 FROM 구 생략 가능. 하지만 Oracle 등 전통적인 DB 제품에서는 FROM 생략 불가. 이떄 Oracle 에서는 다음과 같이
FROM DUAL 로 지정하면 실행 가능. DUAL 은 시스템 쪽에서 DB에 기본으로 작성되는 테이블.
```text
select
    (select count(*) from sample51) as sq1,
    (select count(*) from sample54) as sq2 from dual;
```

## 4. SET 구에서 서브쿼리 사용하기
- UPDATE 의 SET 구에서도 서브쿼리 사용 가능. 바로 예를 보자.
```text
mysql> set @a = (select min(a) from sample54);
Query OK, 0 rows affected (0.00 sec)

mysql> update sample54 set a = @a;
Query OK, 2 rows affected (0.00 sec)
Rows matched: 3  Changed: 2  Warnings: 0

mysql> select * from sample54;
+------+------+
| no   | a    |
+------+------+
|    1 |   80 |
|    2 |   80 |
|    4 |   80 |
+------+------+
3 rows in set (0.00 sec)
```
- SET 구에서 서브쿼리를 사용할 경우에도 스칼라 값을 반환하도록 스칼라 서브쿼리를 지정할 필요가 있다. 이런 명령도 가능하다라는 것을 보여주는 예제이지만 별로
쓰이지 않는 UPDATE 명령이다. 
- 사실 이런 경우, 서브쿼리른 상부의 UPDATE 명령과 관련이 있는 조건식으로 지정되지 않으면 별 의미가 없다.

## 5. FROM 구에서 서브쿼리 사용하기
- FROM 구에서도 서브쿼리 사용 가능. FROM 구에 테이블 이외의 것도 지정해보자.
- FROM 구에 서브쿼리를 지정하는 경우에도 서브쿼리의 기술방법은 같다. 괄호로 SELECT 명령을 묶으면 된다. 다만 FROM 구에는 기본적으로 테이블을 지정하는
만큼 다른 구와는 조금 상황이 다르다.
- 한편 SELECT 구나 SET 구에서는 스칼라 서브쿼리를 지정해야 하지만 FROM 구에 기술할 경우에는 스칼라 값을 반환하지 않아도 좋다. (스칼라 값이어도 상관X)
```text
mysql> select * from (select * from sample54) sq;
+------+------+
| no   | a    |
+------+------+
|    1 |  100 |
|    2 |   90 |
|    4 |   80 |
+------+------+
3 rows in set (0.01 sec)
```
- SELECT 명령 안에 SELECT 명령이 들어있는 듯 보인다. 이를 '네스티드(nested) 구조' 또는 '중첩구조'나 '내포구조'라 부른다. sq는 테이블의 별명으로
Sub Query의 이니셜. SELECT 구에서는 열이나 식에 별명을 붙일 수 있다. 마찬가지로 FROM 구에서는 테이블이나 서브쿼리에 별명을 붙일 수 있다.
- 테이블에는 이름이 붙여져 있지만 서브쿼리에는 이렇다 할 이름이 붙여져 있지 않다. 별명을 붙이는 것으로 비로소 서브쿼리의 이름을 지정한다. 이 때도 SELECT
구에서 별명을 붙일 때처럼 'AS' 키워드를 사용해 지정한다. 이떄 아래와 같이 지정해도 결과는 같다. (Oracle에서는 AS를 붙이면 에러 발생)
```text
mysql> select * from (select * from sample54) as sq;
+------+------+
| no   | a    |
+------+------+
|    1 |  100 |
|    2 |   90 |
|    4 |   80 |
+------+------+
3 rows in set (0.00 sec)
```
- 중첩구조는 몇 단계로든 구성 가능. 아래와 같이 3단계도 가능하다.
```text
mysql> select * from (select * from (select * from sample54) sq1) sq2;
+------+------+
| no   | a    |
+------+------+
|    1 |  100 |
|    2 |   90 |
|    4 |   80 |
+------+------+
3 rows in set (0.00 sec)
```
- 하지만 위 sql문은 의미가 없다.
- 실제 업무에서 FROM 구에 서브쿼리를 지정하여 사용하는 경우는 다음과 같다.
- Oracle에서는 LIMIT 구가 없다. ROWNUM 으로 행 개수를 제한할 수는 있지만, 정렬 후 상위 몇 건을 추출하는 조건을 붙일 수가 없다. 이는 ROWNUM의 경우
WHERE 구로 인해 번호가 할당되기 때문이다. 하지만 FROM 구에서 서브 쿼리를 사용하는 것으로 Oracle 에서도 정렬 후 상위 몇 건을 추출한다는 행 제한 가능.
```text
SELECT * FROM (
    SELECT * FROM sample54 ORDER BY a DESC
) sq
WHERE ROWNUM <= 2;

+------+------+
| no   | a    |
+------+------+
|    2 |  900 |
|    1 |  100 |
+------+------+
```

## 6. INSERT 명령과 서브쿼리
- INSERT 명령과 서브쿼리를 조합해 사용 가능. INSERT 명령에는 VALUES 구의 일부로 서브쿼리를 사용하는 경우와, VALUES 구 대신 SELECT 명령을 사용하는
두 가지 방법이 있다.
- 먼저 VALUES 구의 값으로 서브쿼리를 사용하는 예를 보자. 이떄 서브쿼리는 스칼라 서브쿼리로 지정할 필요가 있다. 물론 자료형도 일치해야 한다.
```text
mysql> insert into sample541 values (
    ->  (select count(*) from sample51),
    ->  (select count(*) from sample54)
    -> );
Query OK, 1 row affected (0.01 sec)

mysql> select * from sample541;
+------+------+
| a    | b    |
+------+------+
|    5 |    3 |
+------+------+
1 row in set (0.00 sec)
```
- INSERT SELECT 구도 사용 가능. VALUES 구 대신에 SELECT 명령을 사용할 수 있다. 다만 다음 예에서는 괄호를 붙이지 않아 서브쿼리라고 부르기 어려울
수도 있다.
```text
mysql> insert into sample541 select 1, 2;
Query OK, 1 row affected (0.00 sec)
Records: 1  Duplicates: 0  Warnings: 0

mysql> select * from sample541;
+------+------+
| a    | b    |
+------+------+
|    5 |    3 |
|    1 |    2 |
+------+------+
2 rows in set (0.00 sec)
```
- 흔히 'INSERT SELECT'라 불리는 명령으로 INSERT 와 SELECT 를 합친 것과 같은 명령이 되었다. SELECT 가 결과 값으로 1, 2라는 수를 반환하므로, 
INSERT INTO sample541 VALUES (1, 2)의 경우와 같다. 이때 SELECT 명령이 반환하는 값이 꼭 스칼라 값일 필요는 없다. SELECT가 반환하는 열 수와
자료형이 INSERT 할 테이블과 일치하기만 하면 된다.
- INSERT SELECT 명령은 SELECT 명령의 결과를 INSERT INTO 로 지정한 테이블에 전부 추가한다. SELECT 명령의 실행 결과를 클라이언트로 반환하지 않고,
지정된 테이블에 추가하는 것. 이 때문에 데이터의 복사나 이동을 할 때 자주 사용하는 명령이다.
- 열 구성이 똑같은 테이블 사이에는 다음과 같은 INSERT SELECT 명령으로 행 복사 가능.
```text
mysql> create table sample542 (no int, a int);
Query OK, 0 rows affected (0.00 sec)

mysql> select * from sample542;
Empty set (0.00 sec)

mysql> select * from sample54;
+------+------+
| no   | a    |
+------+------+
|    1 |  100 |
|    2 |   90 |
|    4 |   80 |
+------+------+
3 rows in set (0.00 sec)

mysql> select * from sample542;
Empty set (0.00 sec)

mysql> insert into sample542 select * from sample54;
Query OK, 3 rows affected (0.01 sec)
Records: 3  Duplicates: 0  Warnings: 0

mysql> select * from sample542;
+------+------+
| no   | a    |
+------+------+
|    1 |  100 |
|    2 |   90 |
|    4 |   80 |
+------+------+
3 rows in set (0.00 sec)
```

